wemosD1Mini,water,7,2022-06-20 20:20:16
wemosD1Mini,water,7,2022-06-20 20:20:46
wemosD1Mini,water,7,2022-06-20 20:21:16
wemosD1Mini,water,7,2022-06-20 20:21:47
wemosD1Mini,water,0,2022-06-20 20:22:17
wemosD1Mini,water,7,2022-06-20 20:22:47
wemosD1Mini,water,1,2022-06-20 20:23:18
wemosD1Mini,water,0,2022-06-20 20:23:48
wemosD1Mini,water,7,2022-06-20 20:24:18
wemosD1Mini,water,7,2022-06-20 20:24:48
wemosD1Mini,water,1,2022-06-20 20:25:19
wemosD1Mini,water,7,2022-06-20 20:25:49
wemosD1Mini,water,7,2022-06-20 20:26:19
wemosD1Mini,water,0,2022-06-20 20:26:49
wemosD1Mini,water,7,2022-06-20 20:27:20
wemosD1Mini,water,7,2022-06-20 20:27:50
wemosD1Mini,water,1,2022-06-20 20:28:20
wemosD1Mini,water,0,2022-06-20 20:28:51
wemosD1Mini,water,0,2022-06-20 20:29:22
wemosD1Mini,water,7,2022-06-20 20:29:52
wemosD1Mini,water,0,2022-06-20 20:30:22
wemosD1Mini,water,7,2022-06-20 20:30:52
wemosD1Mini,water,0,2022-06-20 20:31:23
wemosD1Mini,water,7,2022-06-20 20:31:53
wemosD1Mini,water,7,2022-06-20 20:32:23
wemosD1Mini,water,0,2022-06-20 20:32:54
wemosD1Mini,water,1,2022-06-20 20:33:24
wemosD1Mini,water,0,2022-06-20 20:33:54
wemosD1Mini,water,7,2022-06-20 20:34:24
wemosD1Mini,water,7,2022-06-20 20:34:55
wemosD1Mini,water,7,2022-06-20 20:35:25
wemosD1Mini,water,7,2022-06-20 20:35:55
wemosD1Mini,water,7,2022-06-20 20:36:25
wemosD1Mini,water,7,2022-06-20 20:36:55
wemosD1Mini,water,7,2022-06-20 20:37:26
wemosD1Mini,water,7,2022-06-20 20:37:56
wemosD1Mini,water,0,2022-06-20 20:38:27
wemosD1Mini,water,7,2022-06-20 20:38:57
wemosD1Mini,water,7,2022-06-20 20:39:27
wemosD1Mini,water,7,2022-06-20 20:39:58
wemosD1Mini,water,7,2022-06-20 20:40:28
wemosD1Mini,water,7,2022-06-20 20:40:58
wemosD1Mini,water,7,2022-06-20 20:41:28
wemosD1Mini,water,7,2022-06-20 20:41:59
wemosD1Mini,water,7,2022-06-20 20:42:29
wemosD1Mini,water,7,2022-06-20 20:42:59
wemosD1Mini,water,7,2022-06-20 20:43:29
wemosD1Mini,water,7,2022-06-20 20:44:00
wemosD1Mini,water,7,2022-06-20 20:44:30
wemosD1Mini,water,1,2022-06-20 20:45:01
wemosD1Mini,water,7,2022-06-20 20:45:31
wemosD1Mini,water,0,2022-06-20 20:46:01
wemosD1Mini,water,7,2022-06-20 20:46:32
wemosD1Mini,water,7,2022-06-20 20:47:02
wemosD1Mini,water,1,2022-06-20 20:47:33
wemosD1Mini,water,1,2022-06-20 20:48:03
wemosD1Mini,water,7,2022-06-20 20:48:33
wemosD1Mini,water,0,2022-06-20 20:49:03
wemosD1Mini,water,0,2022-06-20 20:49:33
wemosD1Mini,water,7,2022-06-20 20:50:04
wemosD1Mini,water,7,2022-06-20 20:50:34
wemosD1Mini,water,1,2022-06-20 20:51:04
